address,phone_number,email
Ashdod,053-000-0000,50BRB8U6Q3@gmail.com
Beit Shemesh,053-001-0001,CK00KIGG3V@gmail.com
Holon,053-002-0002,R56FT117B6@gmail.com
Ramat Gan,053-003-0003,N4I5F62ULT@gmail.com
Rosh HaAyin,053-004-0004,HRYO7VK0WL@gmail.com
Kiryat Arba,053-005-0005,U5B6B87LMX@gmail.com
Kiryat Yam,053-006-0006,ZG9N79HHEQ@gmail.com
Kiryat Ono,053-007-0007,KC20C7BM5C@gmail.com
Jerusalem,053-008-0008,W58823SGPY@gmail.com
Rishon LeZion,053-009-0009,4Z8N2AZ5CO@gmail.com
Beer Sheva,053-010-0010,E051C2FDVK@gmail.com
Rishon LeZion,053-011-0011,6TWZ8H67YD@gmail.com
Ashkelon,053-012-0012,J8460AVU8V@gmail.com
Kiryat Ono,053-013-0013,WBEYY7OAO3@gmail.com
Kiryat Gat,053-014-0014,OW5INLDSCM@gmail.com
Kiryat Tivon,053-015-0015,SYFDTQ9MAM@gmail.com
Tel Aviv,053-016-0016,638ZD0J3TT@gmail.com
Jerusalem,053-017-0017,DV97SZ4CCP@gmail.com
Beer Sheva,053-018-0018,TSHMG7XZC0@gmail.com
Bat Yam,053-019-0019,8YGUAKZA1O@gmail.com
Kiryat Sharet,053-020-0020,W9536NEPO5@gmail.com
Rishon LeZion,053-021-0021,FY908H5XCK@gmail.com
Kiryat Motzkin,053-022-0022,OAUNJ7Y0GU@gmail.com
Kiryat Malachi,053-023-0023,A7GOAG4CAC@gmail.com
Kiryat Ekron,053-024-0024,E2EE9AZMKU@gmail.com
Bat Yam,053-025-0025,2RR023N9C2@gmail.com
Beit Shemesh,053-026-0026,Q5M4GJ5A9D@gmail.com
Kiryat Ata,053-027-0027,PVL2UYOJ2J@gmail.com
Kiryat Ata,053-028-0028,YBWKZIIAV4@gmail.com
Beit Shemesh,053-029-0029,JB5ZBCKFEM@gmail.com
Kiryat Arba,053-030-0030,8IMYI32K2F@gmail.com
Rosh HaAyin,053-031-0031,IU6D9NUE0D@gmail.com
Kiryat Sharet,053-032-0032,O9E38YPFGJ@gmail.com
Tel Aviv,053-033-0033,CAE4SNWWYW@gmail.com
Tel Aviv,053-034-0034,GGL3JW15MQ@gmail.com
Kiryat Motzkin,053-035-0035,7UVKHN71CL@gmail.com
Kiryat Tivon,053-036-0036,BT9KB9M68N@gmail.com
Herzliya,053-037-0037,NIWNRS7TK2@gmail.com
Holon,053-038-0038,XNAWPN5RMM@gmail.com
Kiryat Motzkin,053-039-0039,OQMOTB8E7G@gmail.com
Tel Aviv,053-040-0040,U5N36HFAQF@gmail.com
Ashkelon,053-041-0041,K6AQL87B8V@gmail.com
Kiryat Malachi,053-042-0042,5AM5GDATKE@gmail.com
Bat Yam,053-043-0043,EFSVABI8EH@gmail.com
Holon,053-044-0044,R1PBEHQB7M@gmail.com
Kiryat Ekron,053-045-0045,5LC76X5KE2@gmail.com
Kiryat Ono,053-046-0046,Y0RHID4RQS@gmail.com
Kiryat Gat,053-047-0047,3W278YQIBR@gmail.com
Kiryat Bialik,053-048-0048,UY64GTYEB7@gmail.com
Ramat HaSharon,053-049-0049,54BAX9S5SI@gmail.com
Ashdod,053-050-0050,J05VRC6PEK@gmail.com
Ashdod,053-051-0051,IMG7FM46FN@gmail.com
Holon,053-052-0052,Z25SAR0I7N@gmail.com
Kiryat Tivon,053-053-0053,Y20E8TVPFP@gmail.com
Rosh HaAyin,053-054-0054,TEBX5FCOB0@gmail.com
Herzliya,053-055-0055,NBJFZ4ROI7@gmail.com
Bat Yam,053-056-0056,WF1HK5XNCT@gmail.com
Ramat Gan,053-057-0057,DPIMKCR08D@gmail.com
Lod,053-058-0058,CTG2VQD614@gmail.com
Holon,053-059-0059,WJITBZYI0D@gmail.com
Herzliya,053-060-0060,UQ1J5YOZVK@gmail.com
Kiryat Sharet,053-061-0061,11RZ3H031T@gmail.com
Bnei Brak,053-062-0062,7TVST6XUOO@gmail.com
Ramat HaSharon,053-063-0063,M58CVD8QD5@gmail.com
Kiryat Ata,053-064-0064,XC83NW572Q@gmail.com
Rosh HaAyin,053-065-0065,NATGL519S5@gmail.com
Rishon LeZion,053-066-0066,1B4WA7V2O9@gmail.com
Lod,053-067-0067,IHLH6KXPEJ@gmail.com
Herzliya,053-068-0068,FLEEGMIZIE@gmail.com
Ashdod,053-069-0069,CL83F3POD6@gmail.com
Bat Yam,053-070-0070,15ZQC3HK2W@gmail.com
Kiryat Bialik,053-071-0071,WYMHSA1DKB@gmail.com
Kiryat Gat,053-072-0072,P6XO1FXFVQ@gmail.com
Ashdod,053-073-0073,TH8JF7NNP6@gmail.com
Beer Sheva,053-074-0074,0XPBRWZCCS@gmail.com
Tel Aviv,053-075-0075,D0UVJLKG2X@gmail.com
Kiryat Ata,053-076-0076,SQEWXFQ7G1@gmail.com
Kiryat Haim,053-077-0077,QKWXDYNQGU@gmail.com
Kiryat Sharet,053-078-0078,8A72OGZZ5A@gmail.com
Lod,053-079-0079,Z7HSI8TIZ2@gmail.com
Kiryat Malachi,053-080-0080,4KN445Z0VP@gmail.com
Bnei Brak,053-081-0081,88HD6IWBZ6@gmail.com
Bnei Brak,053-082-0082,60O77477W7@gmail.com
Kiryat Arba,053-083-0083,F7AXBD2YOO@gmail.com
Kiryat Sharet,053-084-0084,TWRQGCQQRS@gmail.com
Kiryat Sharet,053-085-0085,5R2ZONZGDN@gmail.com
Jerusalem,053-086-0086,QDRD7UNXPP@gmail.com
Tel Aviv,053-087-0087,41MFKRBPY5@gmail.com
Kiryat Ata,053-088-0088,DW4J6LNVCC@gmail.com
Netanya,053-089-0089,UOQOL87LS5@gmail.com
Beer Sheva,053-090-0090,19GM4LMN3G@gmail.com
Tel Aviv,053-091-0091,DL4JU8ZGG9@gmail.com
Herzliya,053-092-0092,7QA8JTMKNS@gmail.com
Kiryat Ono,053-093-0093,C4WTRL7X5L@gmail.com
Kiryat Ono,053-094-0094,HFMPD9BGDL@gmail.com
Kiryat Tivon,053-095-0095,FHBVEECGZL@gmail.com
Ramat Gan,053-096-0096,Q8O1WGF2AF@gmail.com
Kiryat Shmona,053-097-0097,LBXMAPACWB@gmail.com
Kiryat Gat,053-098-0098,MPSHM35EN8@gmail.com
Rosh HaAyin,053-099-0099,A58PGFYENR@gmail.com
Kiryat Malachi,053-100-0100,I1KUSDXLEI@gmail.com
Kiryat Sharet,053-101-0101,A97SVROJMC@gmail.com
Kiryat Ono,053-102-0102,80GT3N5Z1O@gmail.com
Kiryat Sharet,053-103-0103,3PPMGDUVTR@gmail.com
Kiryat Tivon,053-104-0104,N5IVDZHUXB@gmail.com
Kiryat Bialik,053-105-0105,YSBCEQPDYA@gmail.com
Kiryat Shmona,053-106-0106,6ZSLIEMXT5@gmail.com
Lod,053-107-0107,7AOI6VX3DY@gmail.com
Kiryat Haim,053-108-0108,NXCEF82EAN@gmail.com
Rosh HaAyin,053-109-0109,6C0I4WVQDI@gmail.com
Kiryat Shmona,053-110-0110,O23XI4HKAX@gmail.com
Netanya,053-111-0111,G0DAFES6LH@gmail.com
Tel Aviv,053-112-0112,8R14WOERS9@gmail.com
Haifa,053-113-0113,1RQZL42HEV@gmail.com
Kiryat Sharet,053-114-0114,RMBCR3QBFW@gmail.com
Netanya,053-115-0115,6055DYH6NF@gmail.com
Lod,053-116-0116,GHOC1GEN2A@gmail.com
Kiryat Bialik,053-117-0117,ZL82QD7J7S@gmail.com
Bat Yam,053-118-0118,BPNKUS1BCG@gmail.com
Ramat Gan,053-119-0119,Q8W1C2MGF1@gmail.com
Ashdod,053-120-0120,UTXNPKTCV2@gmail.com
Tel Aviv,053-121-0121,FZG7RULM90@gmail.com
Kiryat Arba,053-122-0122,2667RFV5CQ@gmail.com
Tel Aviv,053-123-0123,Z2Z3MWJLQ6@gmail.com
Jerusalem,053-124-0124,H2TAW8JK11@gmail.com
Bnei Brak,053-125-0125,D690YM18P0@gmail.com
Beer Sheva,053-126-0126,6SAYDHRV48@gmail.com
Kiryat Arba,053-127-0127,12LEK70TOO@gmail.com
Kiryat Haim,053-128-0128,QXBXOO6TGU@gmail.com
Petah Tikva,053-129-0129,C25EKUYUQY@gmail.com
Haifa,053-130-0130,6K5I2OYYTZ@gmail.com
Ashdod,053-131-0131,207C139HUB@gmail.com
Kiryat Malachi,053-132-0132,44C1F0MZM4@gmail.com
Bat Yam,053-133-0133,H0S8864UXH@gmail.com
Kiryat Arba,053-134-0134,W6TL12P6OC@gmail.com
Beit Shemesh,053-135-0135,ZCZ0C06UDJ@gmail.com
Kiryat Ekron,053-136-0136,0KX36I0YU3@gmail.com
Jerusalem,053-137-0137,LZTGKGCC7E@gmail.com
Rishon LeZion,053-138-0138,ZVZ1Q6PUEX@gmail.com
Netanya,053-139-0139,FQM5JXBWRX@gmail.com
Jerusalem,053-140-0140,PAHJ21186U@gmail.com
Kiryat Gat,053-141-0141,NBSUWUV6IA@gmail.com
Herzliya,053-142-0142,CB8MHMOAXS@gmail.com
Lod,053-143-0143,4PEOEOXLTR@gmail.com
Jerusalem,053-144-0144,PR66N818JP@gmail.com
Kiryat Sharet,053-145-0145,HATD114UJU@gmail.com
Kiryat Motzkin,053-146-0146,03PHVD2AS8@gmail.com
Haifa,053-147-0147,0LY56XK8P6@gmail.com
Holon,053-148-0148,S55UGR5N8N@gmail.com
Kiryat Sharet,053-149-0149,UKOHCFXNXS@gmail.com
Beer Sheva,053-150-0150,UIQ0ZTXL0C@gmail.com
Kiryat Ekron,053-151-0151,EOD15MYLXI@gmail.com
Haifa,053-152-0152,Y2OQYKY6LK@gmail.com
Herzliya,053-153-0153,IKN1HGRUE7@gmail.com
Kiryat Gat,053-154-0154,8CGSH40OTE@gmail.com
Kiryat Tivon,053-155-0155,YY41LRDJ4S@gmail.com
Ramat Gan,053-156-0156,S5BQAWJ8PU@gmail.com
Kiryat Arba,053-157-0157,5ZDHQDQ9DL@gmail.com
Ramat Gan,053-158-0158,9V93HP6LRV@gmail.com
Kiryat Bialik,053-159-0159,IAVRYI8R7X@gmail.com
Kiryat Motzkin,053-160-0160,UIBEGI48C7@gmail.com
Kiryat Motzkin,053-161-0161,8F76Z4F8YT@gmail.com
Beer Sheva,053-162-0162,D06TU2P5JC@gmail.com
Kiryat Tivon,053-163-0163,QSQAUS1M3G@gmail.com
Jerusalem,053-164-0164,AEOV9Z6IY0@gmail.com
Rosh HaAyin,053-165-0165,NEUP7QVBJC@gmail.com
Kiryat Bialik,053-166-0166,CZ9CY1XVXI@gmail.com
Kiryat Tivon,053-167-0167,0JUBA0ILDH@gmail.com
Haifa,053-168-0168,YSYF6I3BMQ@gmail.com
Holon,053-169-0169,618AVHNAX4@gmail.com
Rosh HaAyin,053-170-0170,CTCH1ZNS75@gmail.com
Kiryat Malachi,053-171-0171,7SOROQIGAH@gmail.com
Petah Tikva,053-172-0172,ZIF5ENMX9J@gmail.com
Kiryat Malachi,053-173-0173,1QT4ST5SF7@gmail.com
Kiryat Ata,053-174-0174,N1CGMTWJ4R@gmail.com
Bat Yam,053-175-0175,7WN1VPQTX1@gmail.com
Haifa,053-176-0176,G699J7NT92@gmail.com
Kiryat Ata,053-177-0177,95WB3WKQ8R@gmail.com
Bnei Brak,053-178-0178,NWHDY0OZAD@gmail.com
Kiryat Yam,053-179-0179,R0SSRC7CML@gmail.com
Netanya,053-180-0180,X1Z4H1MW56@gmail.com
Ramat HaSharon,053-181-0181,WGUDJAPBF0@gmail.com
Herzliya,053-182-0182,G4OH9ONNYD@gmail.com
Ramat Gan,053-183-0183,GQ2I0CKU16@gmail.com
Kiryat Ono,053-184-0184,7GT8G1B3EZ@gmail.com
Herzliya,053-185-0185,2XLWUP6KBU@gmail.com
Kiryat Yam,053-186-0186,7D0PGIR4O5@gmail.com
Ashkelon,053-187-0187,7QXODXTMUZ@gmail.com
Kiryat Ono,053-188-0188,FAXREKJEGE@gmail.com
Ashdod,053-189-0189,GXFNG5VPQI@gmail.com
Tel Aviv,053-190-0190,8E977AIOS2@gmail.com
Kiryat Gat,053-191-0191,JX05YWBF19@gmail.com
Kiryat Shmona,053-192-0192,F8IL1FD4AU@gmail.com
Tel Aviv,053-193-0193,A6GNJZ4XVT@gmail.com
Holon,053-194-0194,2L10SH8T7E@gmail.com
Bnei Brak,053-195-0195,WGHPO9WGTC@gmail.com
Rosh HaAyin,053-196-0196,P6HRUWK2HJ@gmail.com
Kiryat Haim,053-197-0197,B4AAT09MQF@gmail.com
Kiryat Gat,053-198-0198,IDR2M3OJHJ@gmail.com
Kiryat Ekron,053-199-0199,BJIYOEDMPZ@gmail.com
Ramat HaSharon,053-200-0200,BFHFHANLFC@gmail.com
Holon,053-201-0201,FI9TGP3A0I@gmail.com
Ramat HaSharon,053-202-0202,HFVD06CECS@gmail.com
Kiryat Gat,053-203-0203,9I1NN9DVGZ@gmail.com
Kiryat Yam,053-204-0204,ONVOUHRP4I@gmail.com
Kiryat Ekron,053-205-0205,WLS20W7VT5@gmail.com
Beit Shemesh,053-206-0206,MBJDLT7RQU@gmail.com
Kiryat Ekron,053-207-0207,2LITES032F@gmail.com
Kiryat Malachi,053-208-0208,C7YIBHSLQL@gmail.com
Holon,053-209-0209,Z0KTCYIBYG@gmail.com
Kiryat Ono,053-210-0210,AFRP5O47OD@gmail.com
Bat Yam,053-211-0211,3W0D473HOB@gmail.com
Beer Sheva,053-212-0212,A1G16YWWIE@gmail.com
Kiryat Ono,053-213-0213,1MOJ8SNPHO@gmail.com
Kiryat Gat,053-214-0214,461OJT7IBI@gmail.com
Bnei Brak,053-215-0215,I767HPM9XK@gmail.com
Rosh HaAyin,053-216-0216,8KO9PL4J7F@gmail.com
Kiryat Haim,053-217-0217,KY5CGHNPTG@gmail.com
Rishon LeZion,053-218-0218,Z5022MM42Y@gmail.com
Kiryat Bialik,053-219-0219,7MID2C630J@gmail.com
Kiryat Ata,053-220-0220,3ENGFJ8G43@gmail.com
Kiryat Tivon,053-221-0221,2UMD79OJZ2@gmail.com
Kiryat Arba,053-222-0222,NSWCZQA5M0@gmail.com
Haifa,053-223-0223,G6PKN9CVT6@gmail.com
Holon,053-224-0224,EMQA2KJQ2D@gmail.com
Beer Sheva,053-225-0225,DOS17SNKRL@gmail.com
Lod,053-226-0226,SJRXZKMVC3@gmail.com
Kiryat Ono,053-227-0227,8BO0MYNK8L@gmail.com
Kiryat Yam,053-228-0228,M7R6UL6XQ5@gmail.com
Kiryat Gat,053-229-0229,OZ7FPHCHUR@gmail.com
Ramat Gan,053-230-0230,C1XF0LMB7P@gmail.com
Kiryat Tivon,053-231-0231,4GQ9S4L0HF@gmail.com
Haifa,053-232-0232,72UC5YHS1H@gmail.com
Kiryat Ono,053-233-0233,GKHKCB5PAS@gmail.com
Kiryat Malachi,053-234-0234,IWCTFIFOVP@gmail.com
Kiryat Bialik,053-235-0235,N6Q7MTYQPK@gmail.com
Kiryat Gat,053-236-0236,4R48LMIJS8@gmail.com
Bnei Brak,053-237-0237,A4I07C3PII@gmail.com
Kiryat Yam,053-238-0238,88WCJVVOPG@gmail.com
Tel Aviv,053-239-0239,IJBF8PE1KA@gmail.com
Ramat Gan,053-240-0240,A99CM8176J@gmail.com
Lod,053-241-0241,D89UH732RU@gmail.com
Holon,053-242-0242,PXRUTIF2WH@gmail.com
Kiryat Shmona,053-243-0243,RU1WJ0FHUP@gmail.com
Kiryat Ata,053-244-0244,AHKH95KD8T@gmail.com
Beit Shemesh,053-245-0245,JYDR4FYFIJ@gmail.com
Kiryat Haim,053-246-0246,7JOR9ONH3Q@gmail.com
Bat Yam,053-247-0247,8N8SMHV6ZI@gmail.com
Kiryat Ono,053-248-0248,0G4MGJKUTV@gmail.com
Kiryat Malachi,053-249-0249,Y5Y4BD7SKU@gmail.com
Rosh HaAyin,053-250-0250,L80MY70B7O@gmail.com
Kiryat Motzkin,053-251-0251,U8B3P5CE6T@gmail.com
Netanya,053-252-0252,BNAKVUF75F@gmail.com
Lod,053-253-0253,ZVSVUOXR1V@gmail.com
Kiryat Sharet,053-254-0254,4AYLFFLHNP@gmail.com
Kiryat Gat,053-255-0255,RKLSZXKHXD@gmail.com
Petah Tikva,053-256-0256,9DDAL8NEVE@gmail.com
Bnei Brak,053-257-0257,DWN1BYBX1W@gmail.com
Bnei Brak,053-258-0258,FVD5R2WQ53@gmail.com
Kiryat Bialik,053-259-0259,NHYR2PNOLX@gmail.com
Ashkelon,053-260-0260,GHUQD9BZPK@gmail.com
Ramat HaSharon,053-261-0261,VFNPZ3XUSX@gmail.com
Ramat HaSharon,053-262-0262,1QGQ3I8O1A@gmail.com
Kiryat Yam,053-263-0263,RTB0ZNGNH3@gmail.com
Kiryat Bialik,053-264-0264,P3RWFWXAZZ@gmail.com
Petah Tikva,053-265-0265,PY3B9E0HCN@gmail.com
Kiryat Sharet,053-266-0266,ZKA206ZC1S@gmail.com
Kiryat Sharet,053-267-0267,C3X8USEMPY@gmail.com
Ramat Gan,053-268-0268,6MX3A9WOEP@gmail.com
Beit Shemesh,053-269-0269,D40NG75SYX@gmail.com
Herzliya,053-270-0270,98772WBXRL@gmail.com
Kiryat Arba,053-271-0271,A7CMUVOZPB@gmail.com
Kiryat Ono,053-272-0272,ACPXOGVJDI@gmail.com
Kiryat Ono,053-273-0273,NY14S8DYOE@gmail.com
Ashdod,053-274-0274,CTJ3YAWO4L@gmail.com
Petah Tikva,053-275-0275,AENY4V62RB@gmail.com
Kiryat Motzkin,053-276-0276,VMOL4YNMEH@gmail.com
Herzliya,053-277-0277,AV7PR26VHZ@gmail.com
Kiryat Haim,053-278-0278,41CR3Y98SB@gmail.com
Kiryat Malachi,053-279-0279,CHUNJT9XYK@gmail.com
Petah Tikva,053-280-0280,6VOBVX0C4N@gmail.com
Rosh HaAyin,053-281-0281,VK8TZK7YRD@gmail.com
Kiryat Ekron,053-282-0282,T6YOQTZN2Z@gmail.com
Ramat Gan,053-283-0283,2VPWHFUINO@gmail.com
Lod,053-284-0284,LFNBG84562@gmail.com
Kiryat Tivon,053-285-0285,JB7YH61L5H@gmail.com
Beit Shemesh,053-286-0286,9OE1NUPEON@gmail.com
Kiryat Motzkin,053-287-0287,5Z03JEZMM7@gmail.com
Kiryat Malachi,053-288-0288,0D40WMEVDS@gmail.com
Haifa,053-289-0289,9A670SLJDA@gmail.com
Petah Tikva,053-290-0290,V8RVT7UUNF@gmail.com
Petah Tikva,053-291-0291,L060ZVINHT@gmail.com
Kiryat Bialik,053-292-0292,XFK81UVY61@gmail.com
Kiryat Motzkin,053-293-0293,YQW0KKUZDB@gmail.com
Kiryat Sharet,053-294-0294,XGIVVPG45F@gmail.com
Kiryat Bialik,053-295-0295,QZ38KXNN5I@gmail.com
Haifa,053-296-0296,DMKZ0OW6OR@gmail.com
Kiryat Ekron,053-297-0297,AQX4DAA5S2@gmail.com
Kiryat Arba,053-298-0298,81IKYEVF1V@gmail.com
Kiryat Malachi,053-299-0299,DJ56LBWI15@gmail.com
Bat Yam,053-300-0300,BUJLOA3DVQ@gmail.com
Rishon LeZion,053-301-0301,8N3AJUBJ1R@gmail.com
Beit Shemesh,053-302-0302,O9VELOTZ1D@gmail.com
Kiryat Haim,053-303-0303,ODEDYQ05LU@gmail.com
Kiryat Haim,053-304-0304,BIM1VUEGFB@gmail.com
Lod,053-305-0305,6MJOWM9A6D@gmail.com
Holon,053-306-0306,6QD1F6MRDD@gmail.com
Herzliya,053-307-0307,50DE2L0GPF@gmail.com
Kiryat Ekron,053-308-0308,0OG9IRVIHH@gmail.com
Kiryat Bialik,053-309-0309,CT82RDBV8D@gmail.com
Kiryat Ono,053-310-0310,OM7K1YPB8Y@gmail.com
Beer Sheva,053-311-0311,30HW2A9JOE@gmail.com
Herzliya,053-312-0312,VU483T68Z9@gmail.com
Ashkelon,053-313-0313,WCBRKVHCSI@gmail.com
Bat Yam,053-314-0314,2I1ZUTRIC7@gmail.com
Kiryat Ono,053-315-0315,0WYHM96407@gmail.com
Petah Tikva,053-316-0316,60BFF91TK2@gmail.com
Ashkelon,053-317-0317,EAJCGK2KGO@gmail.com
Kiryat Arba,053-318-0318,ENIH5SY7RE@gmail.com
Haifa,053-319-0319,OM8U6JYX47@gmail.com
Bat Yam,053-320-0320,IAR19IHG44@gmail.com
Bat Yam,053-321-0321,MRY21K8MY0@gmail.com
Kiryat Ekron,053-322-0322,HE3CWXGH1O@gmail.com
Kiryat Haim,053-323-0323,I61UPLL4NS@gmail.com
Kiryat Malachi,053-324-0324,BPEA3YR45D@gmail.com
Jerusalem,053-325-0325,CI8WOL0JFW@gmail.com
Haifa,053-326-0326,PNJYG0FW07@gmail.com
Kiryat Haim,053-327-0327,KUX8M0UGJL@gmail.com
Beit Shemesh,053-328-0328,2MH4E4HRV9@gmail.com
Kiryat Malachi,053-329-0329,M63CWPYV6R@gmail.com
Bnei Brak,053-330-0330,7RHN8LKQA4@gmail.com
Kiryat Arba,053-331-0331,AZ7OU4G56T@gmail.com
Kiryat Ata,053-332-0332,D2N0ZLB1A3@gmail.com
Netanya,053-333-0333,NOOAFR6HQI@gmail.com
Lod,053-334-0334,X56PV88VJ8@gmail.com
Kiryat Bialik,053-335-0335,EDILEC8EUD@gmail.com
Kiryat Ekron,053-336-0336,WMCTII7RKC@gmail.com
Kiryat Bialik,053-337-0337,RX0Z4RANPH@gmail.com
Kiryat Tivon,053-338-0338,HTLADHUME9@gmail.com
Petah Tikva,053-339-0339,LEUNNIM677@gmail.com
Kiryat Arba,053-340-0340,AVVI2T0PCS@gmail.com
Kiryat Motzkin,053-341-0341,C6CN5SH6SI@gmail.com
Lod,053-342-0342,WVHCARS190@gmail.com
Jerusalem,053-343-0343,81QUDKJWX0@gmail.com
Herzliya,053-344-0344,42IMHI4EQW@gmail.com
Beit Shemesh,053-345-0345,05SGRXC6UH@gmail.com
Bnei Brak,053-346-0346,AARU1DIB6S@gmail.com
Netanya,053-347-0347,BLBG2Q2MQQ@gmail.com
Netanya,053-348-0348,M3R26QJ4JA@gmail.com
Ramat Gan,053-349-0349,N12IOVK4ZL@gmail.com
Lod,053-350-0350,TL53IIEL6N@gmail.com
Kiryat Yam,053-351-0351,5A0MG0YK8M@gmail.com
Kiryat Haim,053-352-0352,R14N4QBMHL@gmail.com
Beit Shemesh,053-353-0353,9KOG4WFY96@gmail.com
Holon,053-354-0354,HOMJ0VWHO6@gmail.com
Herzliya,053-355-0355,PN1HUDMZC3@gmail.com
Beer Sheva,053-356-0356,EA5XO3BTD9@gmail.com
Kiryat Gat,053-357-0357,SST3T8BNQJ@gmail.com
Bnei Brak,053-358-0358,O3J7X9PWQN@gmail.com
Kiryat Haim,053-359-0359,T5SEIUQCP0@gmail.com
Herzliya,053-360-0360,NO4VRHGJHI@gmail.com
Beit Shemesh,053-361-0361,VXMMTEG0FU@gmail.com
Kiryat Ono,053-362-0362,YWVUBDJLOW@gmail.com
Haifa,053-363-0363,BL00E30GB9@gmail.com
Herzliya,053-364-0364,YBLHIVZLRQ@gmail.com
Beer Sheva,053-365-0365,LXH60QXR2V@gmail.com
Herzliya,053-366-0366,155FN9W22S@gmail.com
Tel Aviv,053-367-0367,JC21ZXGUIJ@gmail.com
Bat Yam,053-368-0368,UBJS32MCQU@gmail.com
Kiryat Ono,053-369-0369,V7LH1YHLAG@gmail.com
Kiryat Ata,053-370-0370,D2S19467SU@gmail.com
Ashdod,053-371-0371,1B3Z9FHVBA@gmail.com
Kiryat Tivon,053-372-0372,GWNDZKOVLL@gmail.com
Ashkelon,053-373-0373,5DNNBUM6QV@gmail.com
Kiryat Gat,053-374-0374,NGCVLUXT8W@gmail.com
Herzliya,053-375-0375,TBVR83F150@gmail.com
Kiryat Motzkin,053-376-0376,FEFLTX38ET@gmail.com
Kiryat Malachi,053-377-0377,0G1F5Q55MC@gmail.com
Holon,053-378-0378,MPSYIUOIME@gmail.com
Kiryat Gat,053-379-0379,NHOLNK2GEM@gmail.com
Kiryat Motzkin,053-380-0380,F8B09Z3HVS@gmail.com
Kiryat Ono,053-381-0381,3IUIVHUPQU@gmail.com
Ramat HaSharon,053-382-0382,1DAW7HD42J@gmail.com
Beer Sheva,053-383-0383,HHLGLP4XCU@gmail.com
Beer Sheva,053-384-0384,CENL3VBIU1@gmail.com
Rishon LeZion,053-385-0385,P0F98XAPNN@gmail.com
Ramat Gan,053-386-0386,JYDNSXRQBE@gmail.com
Kiryat Tivon,053-387-0387,U1BBBCLNV6@gmail.com
Kiryat Yam,053-388-0388,E5MRPZVUUD@gmail.com
Beer Sheva,053-389-0389,X5HVGX508I@gmail.com
Kiryat Sharet,053-390-0390,IPAC5MTWFD@gmail.com
Kiryat Gat,053-391-0391,CC42WX1TDX@gmail.com
Netanya,053-392-0392,U7Q2P5U8UK@gmail.com
Kiryat Ata,053-393-0393,7OZTSOL738@gmail.com
Petah Tikva,053-394-0394,4CYYMEQGV7@gmail.com
Jerusalem,053-395-0395,OVVGA0N5BL@gmail.com
Herzliya,053-396-0396,IVMRBZWTVH@gmail.com
Holon,053-397-0397,2GJ19J9YCX@gmail.com
Haifa,053-398-0398,BDX44YODOF@gmail.com
Kiryat Ekron,053-399-0399,3DZUSF1B2S@gmail.com
Kiryat Ono,053-400-0400,5LSH8CNNQT@gmail.com
Beit Shemesh,053-401-0401,ZKPWR4N73L@gmail.com
Netanya,053-402-0402,QCG0KAW0RT@gmail.com
Lod,053-403-0403,M7UMKAA1AH@gmail.com
Petah Tikva,053-404-0404,R6NT0BY4XC@gmail.com
Kiryat Shmona,053-405-0405,JABHX07ACP@gmail.com
Lod,053-406-0406,49YFYSI294@gmail.com
Kiryat Ono,053-407-0407,VEOYHC9B7E@gmail.com
Kiryat Ekron,053-408-0408,59376GDQDC@gmail.com
Kiryat Ata,053-409-0409,XZZ5L80495@gmail.com
Petah Tikva,053-410-0410,XUY7369PV6@gmail.com
Kiryat Shmona,053-411-0411,MW1NJRO5LJ@gmail.com
Tel Aviv,053-412-0412,QRTEZJCMZX@gmail.com
Kiryat Ono,053-413-0413,SP8DXHKNCG@gmail.com
Ramat Gan,053-414-0414,7FVCCPDG2H@gmail.com
Kiryat Malachi,053-415-0415,NQZKI4NY13@gmail.com
Ashkelon,053-416-0416,96SNB8YT4H@gmail.com
Kiryat Gat,053-417-0417,51LDVRHR49@gmail.com
Jerusalem,053-418-0418,1OPD7NF95I@gmail.com
Kiryat Malachi,053-419-0419,DMMQFB7A34@gmail.com
Lod,053-420-0420,KDKMBQU0QX@gmail.com
Bnei Brak,053-421-0421,TSQSD4VF9D@gmail.com
Haifa,053-422-0422,CR61JOHZV5@gmail.com
Kiryat Haim,053-423-0423,7BGVV0DDBU@gmail.com
Bat Yam,053-424-0424,164E3T0S4B@gmail.com
Haifa,053-425-0425,20BGCE2A5Q@gmail.com
Haifa,053-426-0426,BXYL2ZGG3W@gmail.com
Holon,053-427-0427,4LOIDEMADK@gmail.com
Kiryat Arba,053-428-0428,X5Z3MGGG0P@gmail.com
Kiryat Gat,053-429-0429,3IK5EN19OR@gmail.com
Ashdod,053-430-0430,8L7B9S2R6I@gmail.com
Herzliya,053-431-0431,D9016Q0VLX@gmail.com
Petah Tikva,053-432-0432,93BMSUQ2AE@gmail.com
Kiryat Arba,053-433-0433,UVGX5SIXV0@gmail.com
Rishon LeZion,053-434-0434,SOGNNCGOWI@gmail.com
Rishon LeZion,053-435-0435,Y6AON8YM9O@gmail.com
Bat Yam,053-436-0436,NY1O17XXW1@gmail.com
Petah Tikva,053-437-0437,ITTWWROAX5@gmail.com
Ashdod,053-438-0438,LC0KXK2X65@gmail.com
Beer Sheva,053-439-0439,9D34ZWKX56@gmail.com
Kiryat Tivon,053-440-0440,CKMKN6OI1N@gmail.com
Kiryat Ekron,053-441-0441,SQRW18B0H3@gmail.com
Bat Yam,053-442-0442,U10H2HJCJC@gmail.com
Kiryat Ono,053-443-0443,G8PBII7VIG@gmail.com
Kiryat Sharet,053-444-0444,19PEDTM31N@gmail.com
Kiryat Bialik,053-445-0445,RQZLBG08BP@gmail.com
Kiryat Shmona,053-446-0446,87AE8KVBCC@gmail.com
Tel Aviv,053-447-0447,NXIQOTHGEO@gmail.com
Kiryat Shmona,053-448-0448,9ULD8QTBXK@gmail.com
Ashdod,053-449-0449,UYNEI6HG9K@gmail.com
Beit Shemesh,053-450-0450,XJLUGKGDIR@gmail.com
Kiryat Motzkin,053-451-0451,2L67H946A9@gmail.com
Kiryat Gat,053-452-0452,BJC779EOXG@gmail.com
Kiryat Sharet,053-453-0453,C17TNLNNPP@gmail.com
Petah Tikva,053-454-0454,N2AYSA5GKY@gmail.com
Rishon LeZion,053-455-0455,Y8CKEBKUET@gmail.com
Kiryat Ono,053-456-0456,CDRNJ5XZRC@gmail.com
Jerusalem,053-457-0457,CPMWK5DYBW@gmail.com
Kiryat Motzkin,053-458-0458,IL1WOFEHR4@gmail.com
Kiryat Yam,053-459-0459,P8U0KDWR3B@gmail.com
Herzliya,053-460-0460,BBDCR8WKNJ@gmail.com
Haifa,053-461-0461,NWVGA4PN72@gmail.com
Kiryat Gat,053-462-0462,JGODDGFBQR@gmail.com
Kiryat Gat,053-463-0463,E8BTI9Q37H@gmail.com
Rishon LeZion,053-464-0464,3BOMGLT7SN@gmail.com
Beer Sheva,053-465-0465,MYQ5ASN2PT@gmail.com
Kiryat Ekron,053-466-0466,BZJZ1WIXIZ@gmail.com
Rosh HaAyin,053-467-0467,UH41Z9K3FT@gmail.com
Kiryat Haim,053-468-0468,R60RMJ6ZRB@gmail.com
Beit Shemesh,053-469-0469,W4HEVM63FV@gmail.com
Kiryat Tivon,053-470-0470,U8HQTDJ8CQ@gmail.com
Netanya,053-471-0471,F5PSV6MJ2A@gmail.com
Kiryat Ono,053-472-0472,9QE890RMT6@gmail.com
Haifa,053-473-0473,XWQD5E4SLI@gmail.com
Kiryat Ono,053-474-0474,HFODJWR4JK@gmail.com
Kiryat Arba,053-475-0475,W92PSBWQK2@gmail.com
Ramat Gan,053-476-0476,I2KVRDKM15@gmail.com
Kiryat Yam,053-477-0477,YTSAMGGMJC@gmail.com
Kiryat Bialik,053-478-0478,7VYWDEN5GG@gmail.com
Haifa,053-479-0479,Q7UZNTQ8YP@gmail.com
Kiryat Arba,053-480-0480,8R9WL9ZAG1@gmail.com
Rosh HaAyin,053-481-0481,N5WVXKMHCX@gmail.com
Kiryat Ono,053-482-0482,PMGZGGLKL4@gmail.com
Herzliya,053-483-0483,Z987OPPY3D@gmail.com
Rosh HaAyin,053-484-0484,64J6CILUS9@gmail.com
Kiryat Gat,053-485-0485,7PMIKEA1XD@gmail.com
Herzliya,053-486-0486,LF4HR2MAEU@gmail.com
Kiryat Yam,053-487-0487,KXDBWYSKSZ@gmail.com
Herzliya,053-488-0488,FYXG7SKRUO@gmail.com
Holon,053-489-0489,KJG2ESBHHN@gmail.com
Ramat Gan,053-490-0490,ESEL63HBZ5@gmail.com
Bat Yam,053-491-0491,KGQY78AGAO@gmail.com
Kiryat Motzkin,053-492-0492,L1Y1FEBO7O@gmail.com
Haifa,053-493-0493,6YE5KM2AXZ@gmail.com
Kiryat Gat,053-494-0494,CZE7ZJG1J9@gmail.com
Lod,053-495-0495,BBUKBMUGOL@gmail.com
Kiryat Arba,053-496-0496,CF4YPSPGYL@gmail.com
Kiryat Shmona,053-497-0497,S4YKSLLRLF@gmail.com
Bat Yam,053-498-0498,1EI4DI8KJ4@gmail.com
Haifa,053-499-0499,W4V88XRDMF@gmail.com
